{
    "name": "DelimitedText1",
    "properties": {
        "linkedServiceName": {
            "referenceName": "LinkedService_storageweek7",
            "type": "LinkedServiceReference"
        },
        "annotations": [],
        "type": "DelimitedText",
        "typeProperties": {
            "location": {
                "type": "AzureBlobStorageLocation",
                "fileName": "CUST_MSTR_20191113.csv",
                "folderPath": "Customer",
                "container": "container1"
            },
            "columnDelimiter": ",",
            "escapeChar": "\\",
            "firstRowAsHeader": true,
            "quoteChar": "\""
        },
        "schema": [
            {
                "name": "CustomerID",
                "type": "String"
            },
            {
                "name": "Gender",
                "type": "String"
            },
            {
                "name": "Age",
                "type": "String"
            },
            {
                "name": "Annual Income ($)",
                "type": "String"
            },
            {
                "name": "Spending Score (1-100)",
                "type": "String"
            },
            {
                "name": "Profession",
                "type": "String"
            },
            {
                "name": "Work Experience",
                "type": "String"
            },
            {
                "name": "Family Size",
                "type": "String"
            }
        ]
    },
    "type": "Microsoft.DataFactory/factories/datasets"
}