{
    "name": "pipeline2",
    "properties": {
        "activities": [
            {
                "name": "Get Metadata1",
                "type": "GetMetadata",
                "dependsOn": [],
                "policy": {
                    "timeout": "0.12:00:00",
                    "retry": 0,
                    "retryIntervalInSeconds": 30,
                    "secureOutput": true,
                    "secureInput": true
                },
                "userProperties": [],
                "typeProperties": {
                    "dataset": {
                        "referenceName": "DelimitedText1",
                        "type": "DatasetReference"
                    },
                    "fieldList": [
                        "lastModified"
                    ],
                    "storeSettings": {
                        "type": "AzureBlobStorageReadSettings",
                        "enablePartitionDiscovery": false
                    },
                    "formatSettings": {
                        "type": "DelimitedTextReadSettings"
                    }
                }
            },
            {
                "name": "ForEach1",
                "type": "ForEach",
                "dependsOn": [],
                "userProperties": [],
                "typeProperties": {
                    "items": {
                        "value": "ForEach1",
                        "type": "Expression"
                    },
                    "activities": [
                        {
                            "name": "Copy data1",
                            "type": "Copy",
                            "dependsOn": [],
                            "policy": {
                                "timeout": "0.12:00:00",
                                "retry": 0,
                                "retryIntervalInSeconds": 30,
                                "secureOutput": false,
                                "secureInput": false
                            },
                            "userProperties": [],
                            "typeProperties": {
                                "source": {
                                    "type": "DelimitedTextSource",
                                    "additionalColumns": [
                                        {
                                            "name": "Date",
                                            "value": "$$COLUMN:"
                                        }
                                    ],
                                    "storeSettings": {
                                        "type": "AzureBlobStorageReadSettings",
                                        "recursive": true,
                                        "enablePartitionDiscovery": false
                                    },
                                    "formatSettings": {
                                        "type": "DelimitedTextReadSettings"
                                    }
                                },
                                "sink": {
                                    "type": "AzureSqlSink",
                                    "writeBehavior": "insert",
                                    "sqlWriterUseTableLock": false
                                },
                                "enableStaging": false,
                                "translator": {
                                    "type": "TabularTranslator",
                                    "mappings": [
                                        {
                                            "source": {
                                                "name": "CustomerID",
                                                "type": "String"
                                            },
                                            "sink": {
                                                "name": "date",
                                                "type": "date"
                                            }
                                        }
                                    ],
                                    "typeConversion": true,
                                    "typeConversionSettings": {
                                        "allowDataTruncation": true,
                                        "treatBooleanAsNumber": false
                                    }
                                }
                            },
                            "inputs": [
                                {
                                    "referenceName": "DelimitedText1",
                                    "type": "DatasetReference"
                                }
                            ],
                            "outputs": [
                                {
                                    "referenceName": "AzureSqlTable1",
                                    "type": "DatasetReference"
                                }
                            ]
                        }
                    ]
                }
            }
        ],
        "annotations": []
    }
}