{
    "now": "2024-07-06T19:17:39.298Z",
    "perfNow": 428473.5,
    "diagnosticCorrelation": "be5d3c9f-190e-4154-82e0-40fdeb551c69",
    "source": "DownloadSupportFiles",
    "environment": {
        "productName": "adf",
        "buildVersion": "1.0.062124.5",
        "environmentType": 3,
        "resourceName": "DemoADF-Sandeep",
        "resourceRegion": "eastus",
        "resourceGroup": "CT_COE_DE_SANDEEP",
        "subscriptionId": "e206c570-0e52-406e-b810-5fe008cee660",
        "sessionId": "fdZ3t2Dk8z90HOeStN+JUu",
        "operationId": "",
        "gitType": "live",
        "loggingKey": "af8f254c-4959-493d-9266-973f21d70c75"
    },
    "additionalInfo": {
        "selectedResource": "AzureSqlTable1",
        "selectedResourceType": "dataset"
    }
}