{
    "now": "2024-07-06T19:17:45.216Z",
    "perfNow": 434391.7999999523,
    "diagnosticCorrelation": "a379aa62-b0e9-49a2-ba07-e5ab5e8105d3",
    "source": "DownloadSupportFiles",
    "environment": {
        "productName": "adf",
        "buildVersion": "1.0.062124.5",
        "environmentType": 3,
        "resourceName": "DemoADF-Sandeep",
        "resourceRegion": "eastus",
        "resourceGroup": "CT_COE_DE_SANDEEP",
        "subscriptionId": "e206c570-0e52-406e-b810-5fe008cee660",
        "sessionId": "fdZ3t2Dk8z90HOeStN+JUu",
        "operationId": "",
        "gitType": "live",
        "loggingKey": "af8f254c-4959-493d-9266-973f21d70c75"
    },
    "additionalInfo": {
        "selectedResource": "DelimitedText1",
        "selectedResourceType": "dataset"
    }
}